<?xml version="1.0" encoding="UTF-8"?>
<!DOCTYPE suite SYSTEM "https://testng.org/testng-1.0.dtd">
<suite name="Suite" parallel="tests" thread-count="2">
	<listeners>
		<listener class-name="listeners.AnnonationTransform"></listener>
	</listeners>
	<test name="Mobile - Dialpad">
		<parameter name="TestCases" value="TC01-TC25"></parameter>
		<classes>
			<class name="mobile.DialNumberRedesign"></class>
		</classes>
	</test> <!-- Test -->
	<test name="Mobile - Messaging">
		<parameter name="TestCases" value="TC01-TC10"></parameter>
		<classes>
			<class name="mobile.MessagingRedesign"></class>
		</classes>
	</test> <!-- Test -->
	<test name="API - ReqresAPITest">
		<classes>
			<class name="api.ReqresAPITest"></class>
		</classes>
	</test> <!-- Test -->
	<test name="API - ReqresAPITest2">
		<classes>
			<class name="api.ReqresAPITest2"></class>
		</classes>
	</test> <!-- Test -->
	<test name="API - ReqresAPITest3">
		<classes>
			<class name="api.ReqresAPITest3"></class>
		</classes>
	</test> <!-- Test -->
	<test name="API - ReqresAPITest4">
		<classes>
			<class name="api.ReqresAPITest4"></class>
		</classes>
	</test> <!-- Test -->
	<test name="API - ReqresAPITest5">
		<classes>
			<class name="api.ReqresAPITest5"></class>
		</classes>
	</test> <!-- Test -->
	<test name="API - ReqresAPITest6">
		<classes>
			<class name="api.ReqresAPITest6"></class>
		</classes>
	</test> <!-- Test -->
	<test name="API - ReqresAPITest7">
		<classes>
			<class name="api.ReqresAPITest7"></class>
		</classes>
	</test> <!-- Test -->
	<test name="API - ReqresAPITest8">
		<classes>
			<class name="api.ReqresAPITest8"></class>
		</classes>
	</test> <!-- Test -->
	<test name="API - ReqresAPITest9">
		<classes>
			<class name="api.ReqresAPITest9"></class>
		</classes>
	</test> <!-- Test -->
	<test name="API - ReqresAPITest10">
		<classes>
			<class name="api.ReqresAPITest10"></class>
		</classes>
	</test> <!-- Test -->
	<test name="Web - Ultimateqa - Verify Home Page Details">
		<parameter name="TestCases" value="TC01-TC25"></parameter>
		<classes>
			<class name="web.VerifyHomePageDetails"></class>
		</classes>
	</test> <!-- Test -->
	<test name="Web - Ultimateqa - Verify Home Page Details - Safari">
		<parameter name="TestCases" value="TC01-TC25"></parameter>
		<classes>
			<class name="web.VerifyHomePageDetailsSafari"></class>
		</classes>
	</test> <!-- Test -->
	<test name="Web - Ultimateqa - Verify Home Page Details2">
		<parameter name="TestCases" value="TC01-TC25"></parameter>
		<classes>
			<class name="web.VerifyHomePageDetails2"></class>
		</classes>
	</test> <!-- Test -->
	<test name="Web - Ultimateqa - Verify Home Page Details - Safari2">
		<parameter name="TestCases" value="TC01-TC25"></parameter>
		<classes>
			<class name="web.VerifyHomePageDetailsSafari2"></class>
		</classes>
	</test> <!-- Test -->
</suite> <!-- Suite -->
