{
    "capabilities": [
        {
            "browserName": "Android",
            "platformVersion": "13",
            "maxInstances": 1,
            "platformName": "Android",
            "deviceName": "emulator-5554",
            "systemPort": "8205"
        }
    ],
    "configuration": {
        "cleanUpCycle": 2000,
        "timeout": 30000,
        "proxy": "org.openqa.grid.selenium.proxy.DefaultRemoteProxy",
        "maxSession": 1,
        "register": true,
        "registerCycle": 5000,
        "hubPort": 4444,
        "hubHost": "192.168.8.12",
        "hubProtocol": "http"
    }
}
